{
    "packageDirectories": [
        {
            "path": "force-app",
            "default": true,
            "package": "FlowActionsBasePack",
            "versionName": "ver 0.1",
            "versionNumber": "0.1.0.NEXT",
            "ancestorVersion": "2.34.0.0"
        }
    ],
    "namespace": "usf",
    "sfdcLoginUrl": "https://login.salesforce.com",
    "sourceApiVersion": "51.0",
    "packageAliases": {
        "FlowActionsBasePack": "0Ho4W000000k9hRSAQ",
        "FlowActionsBasePack@2.0.0-0": "04t4W000002vXU7QAM",
        "FlowActionsBasePack@2.1.0-0": "04t4W000002vXUCQA2",
        "FlowActionsBasePack@2.2.0-0": "04t4W000002vx1dQAA",
        "FlowActionsBasePack@2.6.0-0": "04t4W000002vxfAQAQ",
        "FlowActionsBasePack@2.7.0-0": "04t4W000002vyJIQAY",
        "FlowActionsBasePack@2.11.0-0": "04t4W000002vyNUQAY",
        "FlowActionsBasePack@2.12.0-0": "04t4W000002vyNZQAY",
        "FlowActionsBasePack@2.13.0-0": "04t4W000002vz7uQAA",
        "FlowActionsBasePack@2.13.1-0": "04t4W000002vz7uQAA",
        "FlowActionsBasePack@2.14.0-0": "04t4W00000307e2QAA",
        "FlowActionsBasePack@2.15.0-0": "04t4W00000307gXQAQ",
        "FlowActionsBasePack@2.16.0-0": "04t4W00000307grQAA",
        "FlowActionsBasePack@2.17.0-0": "04t4W00000307ppQAA",
        "FlowActionsBasePack@2.28.0-0": "04t4W0000034KckQAE",
        "FlowActionsBasePack@2.29.0-0": "04t4W0000034KcuQAE",
        "FlowActionsBasePack@2.30.0-0": "04t4W0000034Ke2QAE",
        "FlowActionsBasePack@2.31.0-0": "04t4W0000034KeCQAU",
        "FlowActionsBasePack@2.32.0-0": "04t4W0000034KebQAE",
        "FlowActionsBasePack@2.31.1-0": "04t4W0000034KjDQAU",
        "FlowActionsBasePack@2.33.0-0": "04t4W0000034L7VQAU",
        "FlowActionsBasePack@2.34.0-0": "04t4W00000309DkQAI",
        "FlowActionsBasePack@2.35.0-0": "04t4W00000309DuQAI"
    }
}